-- --------------------------------------------------------
-- 호스트:                          127.0.0.1
-- 서버 버전:                        10.11.8-MariaDB - mariadb.org binary distribution
-- 서버 OS:                        Win64
-- HeidiSQL 버전:                  12.6.0.6765
-- --------------------------------------------------------

/*!40101 SET @OLD_CHARACTER_SET_CLIENT=@@CHARACTER_SET_CLIENT */;
/*!40101 SET NAMES utf8 */;
/*!50503 SET NAMES utf8mb4 */;
/*!40103 SET @OLD_TIME_ZONE=@@TIME_ZONE */;
/*!40103 SET TIME_ZONE='+00:00' */;
/*!40014 SET @OLD_FOREIGN_KEY_CHECKS=@@FOREIGN_KEY_CHECKS, FOREIGN_KEY_CHECKS=0 */;
/*!40101 SET @OLD_SQL_MODE=@@SQL_MODE, SQL_MODE='NO_AUTO_VALUE_ON_ZERO' */;
/*!40111 SET @OLD_SQL_NOTES=@@SQL_NOTES, SQL_NOTES=0 */;

-- 테이블 데이터 tspoon.tspoon_member:~10 rows (대략적) 내보내기
INSERT IGNORE INTO `tspoon_member` (`TSPOON_NO`, `ID`, `PASSWORD`, `NAME`, `PHONE_NUM`, `ADDRESS`, `JOIN_DATE`, `ROLE`, `SEX`, `MEMBER_YN`) VALUES
  (1, 'suwan', 'suwan', '이수완', '01084859000', '서울시 강남구 첨담동', NOW(), 1, 0, 0),
  (2, 'id123', '111', '신비오', '01012345678', '서울시 송파구 풍납동', NOW(), 1, 1, 0),
  (3, 'jinsoo', '1234', '이윤아', '01076351998', '서울시 금천구 가산동', NOW(), 1, 1, 0),
  (4, 'id1', '1111', '김미미', '01012345678', '서울시 강남구 테헤란로', NOW(), 1, 1, 0),
  (5, 'admin', 'admin', 'admin', '01012345678', '서울시 강남구 테헤란로', NOW(), 0, 0, 0);


-- 테이블 데이터 tspoon.board:~35 rows (대략적) 내보내기
INSERT IGNORE INTO `board` (`BOARD_NO`, `TITLE`, `ARTICLE`, `BOARD_DATE`, `BOARD_YN`, `TSPOON_NO`) VALUES
	(1, '가산동 수학학원 아시는 분~', '저희 아이 수학학원 보내려고 하는데 근처에 학원 추천받을 수 있을까요~?', '2024-06-21', 0, 1),
	(2, '애들 학교보내고 잠깐 쉬었는데', '벌써 점심시간이네요 ㅜㅜ', '2024-06-24', 0, 3),
	(3, '오늘 점메추 해주시나요?', '뭔가 냉면이 먹고싶네요', '2024-06-24', 0, 1),
	(4, '게시판을 써봐요', '음 검색기능도 잘 되네요?', '2024-06-25', 0, 3),
	(5, '그러게요', '만드는 사람이 잘하나봐요', '2024-06-25', 0, 1),
	(6, '그래서 노래나 듣죠', '노래 추천좀 ㅎ', '2024-06-25', 0, 1),
	(7, '요즘엔', '세븐틴 노래가 좋아요', '2024-06-25', 0, 2),
	(8, '아 쇼츠?', '그거 요즘 쇼츠에 많이 나오던데요', '2024-06-25', 0, 3),
	(9, '라라라라라라라라', '라라라라라라라라라라', '2024-06-25', 0, 2),
	(10, '저기요', '여기 그런 게시판 아니에요', '2024-06-25', 0, 3),
	(11, '아닌데요?', '그런거에요', '2024-06-25', 0, 1),
	(12, '그래요?', '그렇군요 저도 막 쓸게요', '2024-06-25', 0, 3),
	(13, '네 그런김에', '야식 메뉴 추천좀', '2024-06-25', 0, 2),
	(14, '개인적으론', '보쌈각?', '2024-06-25', 0, 1),
	(15, '헉..', '그건 진짜 좀 땡기네요', '2024-06-25', 0, 2),
	(16, '저도 보쌈..', '말고 치시먹중 ㅎ', '2024-06-25', 0, 3),
	(17, '헉 치킨', '줄섰어요', '2024-06-25', 0, 3),
	(18, '자 이제 시작이야', '내꿈을 내꿈을 위한 여행 피까츄', '2024-06-26', 0, 2);


  -- 테이블 데이터 tspoon.reply:~24 rows (대략적) 내보내기
INSERT IGNORE INTO `reply` (`REPLY_NO`, `CONTENT`, `REPLY_DATE`, `REPLY_YN`, `BOARD_NO`, `TSPOON_NO`) VALUES
	(1, '어머~ 우리 아이 이번에 전교1등인데 호호', '2024-06-25', 0, 1, 4),
	(2, '화이팅합시다', '2024-06-25', 0, 18, 4),
	(3, '오늘 플젝 마지막날', '2024-06-26', 0, 18, 4);


-- 테이블 데이터 tspoon.milk_member:~4 rows (대략적) 내보내기
INSERT IGNORE INTO `milk_member` (`MILKTID`, `NAME`, `birthday`, `SCHOOL`, `TSPOON_NO`) VALUES
	('ee8459', '이채림', '2015-02-21', '영일초', 3),
	('hooo', '이민호', '2009-08-09', '가산중', 3),
	('sso10', '신소희', '2010-04-05', '송파중', 2),
	('sooo', '수완주니어', '2011-06-28', '보령중', 1);


-- 테이블 데이터 tspoon.class_list:~15 rows (대략적) 내보내기
INSERT IGNORE INTO `class_list` (`CLASS_NO`, `CLASS_NAME`, `GRADE`, `TEACHER`, `CLASS_COUNT`, `SUBJECT`) VALUES
	(1, '드릴수학', '초등', '이우진', 60, '수학'),
	(2, '드릴국어', '초등', '최승헌', 55, '국어'),
	(3, '드릴영어', '초등', '김성진', 50, '영어'),
	(4, '드릴과학', '초등', '임유나', 50, '과학'),
	(5, '드릴사회', '초등', '서민정', 60, '사회'),
	(6, '파워수학', '중등', '오타니', 30, '수학'),
	(7, '파워국어', '중등', '호날두', 40, '국어'),
	(8, '파워영어', '중등', '손흥민', 50, '영어'),
	(9, '파워과학', '중등', '황희찬', 55, '과학'),
	(10, '파워사회', '중등', '박세리', 50, '사회'),
	(11, '1등수학', '고등', '현우지', 40, '수학'),
	(12, '1등국어', '고등', '이하은', 60, '국어'),
	(13, '1등영어', '고등', '타일러', 30, '영어'),
	(14, '1등과학', '고등', '폰노이만', 55, '과학'),
	(15, '1등사회', '고등', '샌델', 60, '사회');


-- 테이블 데이터 tspoon.myclass:~11 rows (대략적) 내보내기
INSERT IGNORE INTO `myclass` (`MYCLASS_NO`, `MYCLASS_START_DATE`, `MYCLASS_END_DATE`, `COMPLETE`, `MYCLASS_YN`, `CLASS_NO`, `MILKTID`) VALUES
	(1, '2024-06-10', '2024-06-28', 0, 0, 6, 'sooo'),
	(2, '2024-04-10', '2024-06-14', 0, 0, 7, 'sooo'),
	(3, '2024-05-10', '2024-06-28', 0, 0, 8, 'sooo'),
	(4, '2024-06-10', '2024-06-27', 0, 0, 9, 'sooo'),
	(5, '2024-05-10', '2024-06-01', 0, 0, 10, 'sooo'),
	(6, '2024-06-10', '2024-06-28', 0, 0, 11, 'sooo'),
	(7, '2020-01-24', '2020-03-14', 1, 0, 1, 'sooo'),
	(8, '2022-05-24', '2022-07-28', 1, 0, 3, 'sooo'),
	(9, '2022-01-04', '2022-04-05', 1, 0, 2, 'sooo');


-- 테이블 데이터 tspoon.myclass_log:~32 rows (대략적) 내보내기
INSERT IGNORE INTO `myclass_log` (`LOG_NO`, `PROGRESS`, `LOG_DATE`, `MYCLASS_NO`) VALUES
	(1, 5, '2024-06-28', 1),
	(2, 10, '2024-06-14', 2),
	(3, 15, '2024-06-28', 3),
	(4, 8, '2024-06-27', 4),
	(5, 14, '2024-06-01', 5),
	(6, 11, '2024-06-28', 6),
	(7, 60, '2020-03-14', 7),
	(8, 55, '2022-07-28', 8),
	(9, 50, '2022-04-05', 9);


/*!40103 SET TIME_ZONE=IFNULL(@OLD_TIME_ZONE, 'system') */;
/*!40101 SET SQL_MODE=IFNULL(@OLD_SQL_MODE, '') */;
/*!40014 SET FOREIGN_KEY_CHECKS=IFNULL(@OLD_FOREIGN_KEY_CHECKS, 1) */;
/*!40101 SET CHARACTER_SET_CLIENT=@OLD_CHARACTER_SET_CLIENT */;
/*!40111 SET SQL_NOTES=IFNULL(@OLD_SQL_NOTES, 1) */;
